kronos	336
millennium-times	337
trinity-gazette	338
gehenna-bulletin	339
abydos-log	340
schale-notices	341
valkyrie	342
red-winter	343
hyakkiyako	344
gamedev	345
tech-board	346
network-status	347
momoi-midori	348
trinity-sweets	349
after-hours	350
veritas-hour	351
r-kivotos	352
schale-social	353
gourmet	354
article:schale-open-house	3191
article:black-market-crackdown	3192
article:abydos-water-line	3193
article:tea-party-summit	3194
article:festival-dates	3195
article:train-delays	3196
article:engineering-railgun	3197
article:seminar-budget	3198
article:quantum-lab	3199
article:veritas-audit	3200
article:robotics-cup	3201
article:library-wing	3202
article:choir-concert	3203
article:tea-party-menu	3204
article:justice-task-force	3205
article:cafeteria-incident	3206
article:hina-rest	3207
article:patrol-schedule	3208
article:debt-update	3209
article:sand-cleanup	3210
article:new-students	3211
article:office-hours	3212
article:lost-and-found	3213
article:request-form	3214
article:bike-thefts	3215
article:road-closure	3216
article:pudding-reform	3217
article:snow-forecast	3218
article:maple-viewing	3219
article:lantern-making	3220
article:tales-of-sega-2	3221
article:pixel-art	3222
article:playtest	3223
article:show-board-halo-tracker	3224
article:why-toki-is-fast	3225
article:rewriting-attendance	3226
article:ask-board-keyboards	3227
article:kivotos-mesh-network	3228
article:momotalk-delays	3229
article:halo-sync-errors	3230
article:tower-elevator	3231
article:printer-queue	3232
article:game-servers	3233
article:speedrun-tsc	3234
article:aris-reacts	3235
article:retro-arcade	3236
article:devlog-video	3237
article:chestnut-tart	3238
article:roll-cake	3239
article:macaron-tower	3240
article:ep-112	3241
article:ep-111	3242
article:ep-110	3243
article:vh-58	3244
article:vh-57	3245
article:vh-56	3246
article:vh-55	3247
article:sunset-from-tower	3248
article:abydos-dunes	3249
article:trinity-garden	3250
article:hyakkiyako-lanterns	3251
article:red-winter-aurora	3252
article:gehenna-night	3253
article:post-coffee	3254
article:post-open-house	3255
article:post-arona	3256
article:ramen-review	3257
article:cafeteria-review	3258
